{
    "latency": {
        "avg": 66.66666666666667,
        "max": 83.33333333333334
    },
    "throughput": {
        "avg": 500.0,
        "peak": 750.0
    },
    "resource_utilization": 0.751930191573696,
    "recovery_time": {
        "avg": 0.982483888908966
    }
}