{
    "timestamp": "2025-04-10 20:36:09",
    "test_duration": 60,
    "methods": {
        "\u8f6e\u8be2": {
            "latency": {
                "avg": 66.66666666666663,
                "max": 66.66666666666666
            },
            "throughput": {
                "avg": 333.3333333333335,
                "peak": 333.33333333333337
            },
            "recovery": {
                "avg": 1.2107504433682328
            }
        },
        "\u4f18\u5148\u7ea7": {
            "latency": {
                "avg": 66.66666666666667,
                "max": 80.0
            },
            "throughput": {
                "avg": 333.3333333333333,
                "peak": 500.0
            },
            "recovery": {
                "avg": 1.2546092882421787
            }
        },
        "\u56fa\u5b9a\u914d\u989d": {
            "latency": {
                "avg": 66.66666666666667,
                "max": 80.0
            },
            "throughput": {
                "avg": 333.3333333333333,
                "peak": 500.0
            },
            "recovery": {
                "avg": 1.2023328295220523
            }
        },
        "\u6bd4\u4f8b\u5206\u914d": {
            "latency": {
                "avg": 66.66666666666667,
                "max": 83.33333333333334
            },
            "throughput": {
                "avg": 333.3333333333333,
                "peak": 500.0
            },
            "recovery": {
                "avg": 1.1853234003982631
            }
        }
    }
}